{"/LXNxHyefuUajKQCIrN2Iw==":"mbr-1920x1440.png","krQhURdpyHRwvSiCTAYepw==":"mbr-1256x838.jpg","bPea1FME58YDxZkUmaJRcw==":"mbr-596x397.jpg","wyZaTgR8X9VGejiCPXwvXw==":"mbr-1-596x397.jpg","Vc1xUkFyLcAR9N+01/9SPw==":"mbr-596x398.jpg","uFw90vyzVZ5gYQmyUIRbrQ==":"mbr-2-596x397.jpg","BbnwYTQ/mwRikIuzWrx5wQ==":"mbr-3-596x397.jpg","yj65sRuI116jFLEwblFzpQ==":"mbr-4-596x397.jpg","5oPK1SFHulevFYkrYKzJZA==":"mbr-596x447.jpg","avvqA70996b1K9wVBqlPyw==":"mbr-596x401.jpg","KonTLiEUyrslutBRFAYAsQ==":"mbr-596x401.jpeg","pOu5RVJOYUVtoRmCFCuY7Q==":"mbr-1920x1280.jpg","yhM3E1ZFr8dF18pJX8fqCw==":"mbr-1256x837.jpg","w83uDO7df7KKhPdDldUGYg==":"mbr-1-1920x1280.jpg","7+IaZveUPgj7KRGNlBTXbw==":"mbr-816x544.jpg","tCpP3Zby51T46L6MmgZSgA==":"mbr-1-816x544.jpg","lwgOQaWOCTYj+S01nb8m8g==":"mbr-816x524.jpg","8cRf2rMsVHRj++7zzvhg6w==":"mbr-198x198.jpg","hvxIYJbHmr3+Fqg1rCxUZQ==":"mbr-1256x829.jpg","DeiPaiGh+Y58wur7edHSRQ==":"mbr.jpg","VhCkKg2yK1phXd2yl+P1Hw==":"logo.svg","rOmwjDfABQWgxufFfNlp3Q==":"logo-1.png","lzLrBzrQkVM3uE1Nt/XQvA==":"logo-1.svg","QeXqkqfYQJfFGrFXzfSwhg==":"mbr-1.jpg","DfSHA/IvWtoCcf9+mZolaA==":"logitech.png","FUVPsH+KufvEkUTQnzgjTQ==":"amazon.png","1k9A1Gfpm/adjWi/uzPQ3w==":"slack.png","pO8+dDr/5BOGphELdKQrSw==":"google.png","NPVkn+0FWNozzgY6hxi8oA==":"facebook.png","pUib+Ivdn9O7I7ZpkrHL9Q==":"mbr-2.jpg","KJImqxErGyBsy3labH+a0Q==":"mbr-3.jpg","bH0JPhY3Wl+CaOyA8HLKDg==":"mbr-4.jpg","QH4l6+apJjq1XqqMx6h3OQ==":"rocket.svg","Vb7GgbMoe0curpGYBParsg==":"background3.jpg","RAACABOpMeptOrmF/1dMhg==":"logo-2.png","Q3Iy98t36yM/pkqXwvrg8Q==":"background7.jpg","oRykAiO0rUD++7AmPeEwUg==":"background1.jpg","X30aVRBEqsZY/bFEWmkiVg==":"mbr-5.jpg","RZ2+4KyMXHwNhCUQkgoiUA==":"mbr-6.jpg","FKgWNa1d37XyvOwpS/77rQ==":"mbr-7.jpg","pRvHdd3iW5PrxmAztZ9ooA==":"mbr-8.jpg","oKtIMFyCehtCvkrk0Js8+A==":"mbr-9.jpg"}